locusnum	CHR	LEAD_SNP	LEAD_BP	MinBP	MaxBP	PVAL
1	21	rs115648504	15216154	15203801	15725733	1.0000000000000001e-11
1	21	rs117891312	15308819	15203801	15725733	1.0000000000000001e-11
1	21	rs9981958	15388495	15203801	15725733	1.0000000000000001e-11
1	21	rs117587472	15443466	15203801	15725733	1.0000000000000001e-11
1	21	rs113534237	15458160	15203801	15725733	1.0000000000000001e-11
1	21	rs2822410	15489843	15203801	15725733	1.0000000000000001e-11
1	21	rs11087929	15519520	15203801	15725733	1.0000000000000001e-11
1	21	rs372926	15627675	15203801	15725733	1.0000000000000001e-11
1	21	rs28531918	15696231	15203801	15725733	1.0000000000000001e-11
