locusnum	CHR	INDEP_BP	INDEP_SNP	R2	LEAD_SNP	PVAL	A1	A2	N
1	21	15216154	rs115648504	1.0	rs115648504	1.0000000000000001e-11	A	G	22959.0
1	21	15308819	rs117891312	1.0	rs117891312	1.0000000000000001e-11	C	T	22771.0
1	21	15388495	rs9981958	1.0	rs9981958	1.0000000000000001e-11	A	T	23414.0
1	21	15443466	rs117587472	1.0	rs117587472	1.0000000000000001e-11	T	C	23397.0
1	21	15458160	rs113534237	1.0	rs113534237	1.0000000000000001e-11	T	C	23368.0
1	21	15489843	rs2822410	1.0	rs2822410	1.0000000000000001e-11	T	G	23401.0
1	21	15519520	rs11087929	1.0	rs11087929	1.0000000000000001e-11	C	G	23429.0
1	21	15627675	rs372926	1.0	rs372926	1.0000000000000001e-11	A	G	22250.0
1	21	15696231	rs28531918	1.0	rs28531918	1.0000000000000001e-11	C	T	22724.0
