locusnum	CHR	LEAD_SNP	LEAD_BP	MinBP	MaxBP	PVAL	is_locus_lead
1	21	rs115648504	15216154	15203801	15223839	1.0000000000000001e-11	True
1	21	rs117891312	15308819	15284507	15331425	1.0000000000000001e-11	True
1	21	rs9981958	15388495	15388495	15443575	1.0000000000000001e-11	True
1	21	rs117587472	15443466	15393259	15448722	1.0000000000000001e-11	True
1	21	rs113534237	15458160	15454740	15485763	1.0000000000000001e-11	True
1	21	rs2822410	15489843	15489377	15514811	1.0000000000000001e-11	True
1	21	rs11087929	15519520	15518672	15543675	1.0000000000000001e-11	True
1	21	rs372926	15627675	15617806	15637957	1.0000000000000001e-11	True
1	21	rs28531918	15696231	15696231	15725733	1.0000000000000001e-11	True
